region,avg_temp_c,precipitation_mm,population_density,healthcare_budget,malaria_cases,outbreak_flag,risk_cluster,risk_level
Central,20.26804898796077,175.4181997023253,300.1762511256915,2752.6167502894637,68.66499421072945,0.13675543548179597,2,High Risk
East,20.048460580608975,219.94352667447777,198.99003937919852,2396.5665971739636,74.89993050729673,0.17095205003474634,0,Low Risk
North,20.42583830718261,193.2031125526762,275.3763207410624,3231.1632653061224,68.57128383268201,0.13127804313214647,1,Medium Risk
South,18.763561144421065,193.55839959047867,283.8153133593863,2783.039079461572,68.07584310319872,0.13619916051526995,2,High Risk
West,21.95786234199489,193.45682101929376,250.49588977654278,2571.5859673497744,73.51372004168114,0.16081972907259465,2,High Risk
